slug,amc,published_status,published_month,baseline_local_status,baseline_local_month,after_status,after_month,classification,evidence,last_attempt,files_expected,files_completed,files_failed,files_pending,retained_snapshot
360-one,360 ONE Mutual Fund,unavailable,2026-08,unavailable,2026-08,unavailable,2026-08,access-publication-uncertain,Residence declaration remains unresolved; anonymously returned Monthly Portfolio 2026 catalogue lists January–August and excludes September overlap. September publication/access remain uncertain; no attestation or bypass attempted.,2026-10-08T20:33:56.042Z,,,,,true
abakkus,Abakkus Mutual Fund,unavailable,2026-08,unavailable,2026-08,ok,2026-09,validated-current,Validated month-end September workbook(s); 1/1 file checks,2026-10-08T19:00:12.720Z,1,1,0,,true
absl,Aditya Birla Sun Life Mutual Fund,ok,2026-09,ok,2026-09,ok,2026-09,validated-current,Validated month-end September workbook(s); 1/1 file checks,2026-10-08T19:15:06.882Z,1,1,0,,true
angel-one,Angel One Mutual Fund,unavailable,2026-07,partial,2026-09,ok,2026-09,validated-current,Validated month-end September workbook(s); 11/11 file checks,2026-10-08T19:04:50.816Z,11,11,0,0,true
axis,Axis Mutual Fund,ok,2026-09,ok,2026-09,ok,2026-09,validated-current,Validated month-end September workbook(s); 1/1 file checks,2026-10-08T19:00:17.195Z,1,1,0,0,true
bajaj-finserv,Bajaj Finserv Mutual Fund,unavailable,2026-08,unavailable,2026-08,ok,2026-09,validated-current,"Official new AJAX monthly section 757, FY 2026-27, lists September; real OOXML bytes (.xls suffix), all 25 scheme sheets dated 2026-09-30; actual cell G7=0.0641 with percent format becomes 6.41%.",2026-10-08T20:33:56.043Z,1,1,0,0,true
bandhan,Bandhan Mutual Fund,unavailable,2026-08,unavailable,2026-08,unavailable,2026-08,access-publication-uncertain,Residence declaration remains unresolved; checked API catalogue ends after two pages and excludes 25 September 30 fortnightly reports. Returned monthly matches are older maturity-name false positives. September publication/access remain uncertain; no attestation or bypass attempted.,2026-10-08T20:33:56.043Z,,,,,true
bank-of-india,Bank of India Mutual Fund,ok,2026-08,ok,2026-08,ok,2026-08,validated-older-period,Latest successfully validated period 2026-08; September coverage remains unknown,2026-10-08T19:00:20.816Z,1,1,0,,true
baroda-bnp-paribas,Baroda BNP Paribas Mutual Fund,ok,2026-09,ok,2026-09,ok,2026-09,validated-current,Validated month-end September workbook(s); 1/1 file checks,2026-10-08T19:00:22.082Z,1,1,0,,true
canara-robeco,Canara Robeco Mutual Fund,unavailable,2026-07,unavailable,2026-07,unavailable,2026-07,access-refused,source-discovery-failed; access-refused,2026-10-08T19:00:23.380Z,,,,,true
capitalmind,Capitalmind Mutual Fund,partial,2026-09,partial,2026-09,ok,2026-09,validated-current,Validated month-end September workbook(s); 4/4 file checks,2026-10-08T19:00:24.287Z,4,4,0,,true
choice,Choice Mutual Fund,ok,2026-09,ok,2026-09,ok,2026-09,validated-current,Validated month-end September workbook(s); 4/4 file checks,2026-10-08T19:00:24.977Z,4,4,0,0,true
dsp,DSP Mutual Fund,ok,2026-08,ok,2026-08,unavailable,2026-08,target-period-not-listed,Official monthly catalogue starts August 31; separate September 30 debt-fortnightly file excluded. No claim of complete September AMC inventory from debt subset.,2026-10-08T20:33:56.043Z,,,,,true
edelweiss,Edelweiss Mutual Fund,unavailable,2026-07,unavailable,2026-07,unavailable,2026-07,access-refused,source-discovery-failed; Official monthly file unavailable; access-refused; Source refused access,2026-10-08T19:00:29.629Z,,,,,true
franklin-templeton,Franklin Templeton Mutual Fund,ok,2026-08,ok,2026-08,ok,2026-08,validated-older-period,Latest successfully validated period 2026-08; September coverage remains unknown,2026-10-08T19:00:29.842Z,1,1,0,,true
groww,Groww Mutual Fund,ok,2026-08,ok,2026-08,ok,2026-08,validated-older-period,Latest successfully validated period 2026-08; September coverage remains unknown,2026-10-08T19:00:32.101Z,1,1,0,,true
hdfc,HDFC Mutual Fund,unavailable,2026-08,unavailable,2026-08,partial,2026-08,access-refused,"110 September monthly links verified from ordinary rendered catalogue; bounded file batch received HTTP 403, remaining reads stopped; August snapshot byte-for-byte retained",2026-10-08T19:44:47.167Z,110,0,110,0,true
helios,Helios Mutual Fund,ok,2026-09,ok,2026-09,ok,2026-09,validated-current,Validated month-end September workbook(s); 8/8 file checks,2026-10-08T19:00:36.485Z,8,8,0,,true
hsbc,HSBC Mutual Fund,unavailable,2026-08,unavailable,2026-08,unavailable,2026-08,transport-failure,Ordinary browser catalogue navigation timed out; retained August snapshot; no conclusion about September publication,2026-10-08T19:30:22.668Z,,,,,true
icici-pru,ICICI Prudential Mutual Fund,ok,2026-09,ok,2026-09,ok,2026-09,validated-current,Validated month-end September workbook(s); n/a/n/a file checks,2026-10-08T19:00:37.870Z,,,,,true
invesco,Invesco Mutual Fund,partial,2026-08,partial,2026-08,partial,2026-08,partial-validation,Workbook holdings unverified,2026-10-08T19:00:37.948Z,47,42,5,,true
iti,ITI Mutual Fund,ok,2026-08,ok,2026-08,ok,2026-08,validated-older-period,Latest successfully validated period 2026-08; September coverage remains unknown,2026-10-08T19:00:53.910Z,1,1,0,,true
jio-blackrock,Jio BlackRock Mutual Fund,unavailable,2026-08,unavailable,2026-08,unavailable,2026-08,target-period-not-listed,Validated catalogue did not list September at check time; observed periods empty target-filtered response; no claim about other publishing routes or future availability,2026-10-08T19:26:16.177Z,,,,,true
jm-financial,JM Financial Mutual Fund,partial,2026-09,partial,2026-09,ok,2026-09,validated-current,Validated month-end September workbook(s); 17/17 file checks,2026-10-08T19:26:16.012Z,17,17,0,,true
kotak,Kotak Mahindra Mutual Fund,ok,2026-08,ok,2026-08,ok,2026-08,validated-older-period,Latest successfully validated period 2026-08; September coverage remains unknown,2026-10-08T19:01:01.113Z,,,,,true
lic,LIC Mutual Fund,unavailable,2026-08,unavailable,2026-08,unavailable,2026-08,catalogue-category-conflict,September consolidated index labels its only file Equity but links an actual 11-scheme debt workbook; Equity+Debt inventory incomplete. Separate public Flexi Cap selector lists January–August only. Catalogue category conflict rejected; retained August snapshot unchanged.,2026-10-08T20:33:57.620Z,,,,,true
mahindra,Mahindra Mutual Fund,ok,2026-09,ok,2026-09,ok,2026-09,validated-current,Validated month-end September workbook(s); 1/1 file checks,2026-10-08T19:01:06.290Z,1,1,0,,true
mirae,Mirae Asset Mutual Fund,unavailable,2026-08,unavailable,2026-08,unavailable,2026-08,target-period-not-listed,"All 38 returned API pages reconciled to 3,714 unique records; no September reporting title; newest reported portfolio August 31. Parent independently validated a genuine August workbook.",2026-10-08T20:33:58.536Z,,,,,true
motilal-oswal,Motilal Oswal Mutual Fund,ok,2026-09,ok,2026-09,ok,2026-09,validated-current,Validated month-end September workbook(s); 1/1 file checks,2026-10-08T19:01:09.378Z,1,1,0,,true
navi,Navi Mutual Fund,unavailable,2026-07,unavailable,2026-07,unavailable,2026-07,target-period-not-listed,Validated catalogue did not list September at check time; observed periods empty target-filtered response; no claim about other publishing routes or future availability,2026-10-08T19:01:12.576Z,,,,,false
nippon,Nippon India Mutual Fund,unavailable,2026-08,ok,2026-08,ok,2026-08,validated-older-period,Latest successfully validated period 2026-08; September coverage remains unknown,2026-10-08T19:01:13.404Z,,,,,true
nj,NJ Mutual Fund,ok,2026-09,ok,2026-09,ok,2026-09,validated-current,Validated month-end September workbook(s); 7/7 file checks,2026-10-08T19:01:17.714Z,7,7,0,,true
old-bridge,Old Bridge Mutual Fund,unavailable,2026-08,unavailable,2026-08,unavailable,2026-08,target-period-not-listed,"Validated catalogue did not list September at check time; observed periods 2025-11,2025-12,2026-01,2026-02,2026-03,2026-04,2026-05,2026-06,2026-07,2026-08; no claim about other publishing routes or future availability",2026-10-08T19:01:22.662Z,,,,,true
pgim-india,PGIM India Mutual Fund,partial,2026-08,partial,2026-08,partial,2026-08,partial-validation,Workbook holdings unverified,2026-10-08T19:01:24.688Z,25,22,3,,true
ppfas,PPFAS Mutual Fund,ok,2026-09,ok,2026-09,ok,2026-09,validated-current,Validated month-end September workbook(s); 1/1 file checks,2026-10-08T19:01:26.245Z,1,1,0,,true
quant,Quant Mutual Fund,unavailable,2026-08,unavailable,2026-08,unavailable,2026-08,access-publication-uncertain,User-facing declaration remains unresolved; anonymously returned year selector offers January–August only. No unlisted month file was requested. September publication/access remain uncertain; no attestation or bypass attempted.,2026-10-08T20:34:01.101Z,,,,,true
quantum,Quantum Mutual Fund,ok,2026-09,ok,2026-09,ok,2026-09,validated-current,Validated month-end September workbook(s); n/a/n/a file checks,2026-10-08T19:01:28.367Z,,,,,true
samco,Samco Mutual Fund,ok,2026-08,ok,2026-08,ok,2026-08,validated-older-period,Latest successfully validated period 2026-08; September coverage remains unknown,2026-10-08T19:01:28.578Z,12,12,0,,true
sbi,SBI Mutual Fund,ok,2026-09,ok,2026-09,ok,2026-09,validated-current,Validated month-end September workbook(s); n/a/n/a file checks,2026-10-08T19:01:32.834Z,,,,,true
shriram,Shriram Mutual Fund,ok,2026-09,ok,2026-09,ok,2026-09,validated-current,Validated month-end September workbook(s); 1/1 file checks,2026-10-08T19:01:36.009Z,1,1,0,,true
sundaram,Sundaram Mutual Fund,unavailable,2026-08,unavailable,2026-08,unavailable,2026-08,target-period-not-listed,Validated catalogue did not list September at check time; observed periods 2026-08; no claim about other publishing routes or future availability,2026-10-08T19:01:41.432Z,,,,,true
tata,Tata Mutual Fund,unavailable,2026-08,unavailable,2026-08,unavailable,2026-08,access-refused,source-discovery-failed; Official monthly file unavailable; access-refused; Source refused access,2026-10-08T19:01:42.114Z,,,,,true
taurus,Taurus Mutual Fund,ok,2026-09,ok,2026-09,ok,2026-09,validated-current,Validated month-end September workbook(s); 8/8 file checks,2026-10-08T19:01:43.420Z,8,8,0,,true
the-wealth-company,The Wealth Company Mutual Fund,ok,2026-08,ok,2026-08,unavailable,2026-08,target-period-not-listed,"All four published Monthly catalogue pages reconcile to 85 unique downloads; newest 11 dated August 31; periods come from disclosure titles, not upload time. Separate fortnightly reports excluded.",2026-10-08T20:34:01.130Z,,,,,true
trust,Trust Mutual Fund,ok,2026-08,ok,2026-08,ok,2026-08,validated-older-period,Latest successfully validated period 2026-08; September coverage remains unknown,2026-10-08T19:01:50.288Z,1,1,0,,true
unifi,Unifi Mutual Fund,ok,2026-09,ok,2026-09,ok,2026-09,validated-current,Validated month-end September workbook(s); 3/3 file checks,2026-10-08T19:01:52.209Z,3,3,0,,true
union,Union Mutual Fund,unavailable,2026-07,ok,2026-09,ok,2026-09,validated-current,Validated month-end September workbook(s); 32/32 file checks,2026-10-08T19:01:53.822Z,32,32,0,0,true
uti,UTI Mutual Fund,ok,2026-09,ok,2026-09,ok,2026-09,validated-current,Validated month-end September workbook(s); 1/1 file checks,2026-10-08T19:15:06.798Z,1,1,0,,true
whiteoak-capital,WhiteOak Capital Mutual Fund,unavailable,2026-07,ok,2026-08,ok,2026-08,validated-older-period,Latest successfully validated period 2026-08; September coverage remains unknown,2026-10-08T19:01:55.340Z,22,22,0,,true
zerodha,Zerodha Mutual Fund,unavailable,2026-08,unavailable,2026-08,unavailable,2026-08,target-period-not-listed,"Structured monthly catalogue offers 22 August schemes, including four labels without a space before the hyphen; all retained identities preserved. Parent verified offered August ZIP internals and September selector disabled.",2026-10-08T20:34:01.800Z,,,,,true
alphagrep,AlphaGrep Mutual Fund,unavailable,2026-08,unavailable,2026-08,unavailable,2026-08,access-publication-uncertain,Disclosure webpage independently returned HTTP 502. Separately returned public files.json lists July/August only. September publication/access remain uncertain; the failed webpage cannot establish nonpublication.,2026-10-08T20:34:03.936Z,,,,,true
ask,ASK MUTUAL FUND,ok,2026-09,ok,2026-09,ok,2026-09,validated-current,Validated month-end September workbook(s); 1/1 file checks,2026-10-08T19:02:02.761Z,1,1,0,0,true
carnelian,Carnelian Mutual Fund,unavailable,,unavailable,,unavailable,,monthly-page-unlisted,monthly-disclosure-page-unlisted; Disclosure unavailable,2026-10-08T19:02:03.305Z,,,,,false
il-fs-idf,IL&FS Mutual Fund (IDF),unavailable,2026-08,unavailable,2026-08,ok,2026-09,validated-current,"Official September-labelled link preserves misleading August_(2) filename. Genuine workbook contains three September 15 and three September 30 reports; only three validated month-end schemes / 17 holdings selected, requiring matched identities.",2026-10-08T20:34:04.927Z,1,1,0,0,true
lakshya,Lakshya Mutual Fund,partial,,partial,,partial,,listed-file-http-404,source-check-failed; Disclosure unavailable; http-error; Disclosure download failed,2026-10-08T19:02:05.175Z,1,0,1,0,false
monarch,Monarch Mutual Fund,unavailable,,unavailable,,ok,2026-09,validated-current,Validated month-end September workbook(s); 1/1 file checks,2026-10-08T19:59:11.202Z,1,1,0,0,true
nuvama,Nuvama Mutual Fund,unavailable,,unavailable,,unavailable,,monthly-page-unlisted,monthly-disclosure-page-unlisted; Disclosure unavailable,2026-10-08T19:02:08.515Z,,,,,false
